{"Averages1": [0.0215, 0.0083, 0.006900000000000001, 0.0060999999999999995, 0.006900000000000001, 0.0079, 0.008199999999999999, 0.0072, 0.0058, 0.01, 0.0077, 0.0062, 0.0055, 0.0049],
"Paras1": [
	[0.0],
    [1.0],
    [2.0],
    [3.0],
    [4.0],
    [5.0],
    [6.0],
    [7.0],
    [8.0],
    [9.0],
    [10.0],
    [11.0],
    [12.0],
    [13.0]
  ]}