{
"Averages2": [0.14399999999999999, 0.037499999999999999, 0.035000000000000003, 0.039, 0.0419, 0.055899999999999998, 0.022800000000000001, 0.019399999999999997, 0.031100000000000003, 0.43569999999999998, 0.0177, 0.035799999999999998, 0.022800000000000001, 0.0050999999999999995, 0.0067999999999999996, 0.0094000000000000004, 0.0074999999999999997, 0.010699999999999999, 0.0086999999999999994, 0.0085000000000000006, 0.0076, 0.011699999999999999, 0.0063, 0.0080999999999999996, 0.0069000000000000008, 0.0077999999999999996, 0.0098000000000000014, 0.0088999999999999999, 0.0071999999999999998, 0.0067000000000000002, 0.0047999999999999996, 0.0043, 0.0067999999999999996, 0.0067000000000000002, 0.0077999999999999996, 0.0060000000000000001, 0.0049000000000000007, 0.0085000000000000006, 0.0053, 0.0051999999999999998, 0.0066, 0.0057999999999999996, 0.0079000000000000008, 0.0038, 0.0054000000000000003, 0.0074999999999999997, 0.0057999999999999996, 0.0074999999999999997, 0.0067000000000000002, 0.0083000000000000001, 0.0086, 0.0074000000000000003, 0.0054999999999999997, 0.0064000000000000003, 0.0074999999999999997, 0.0074000000000000003, 0.0074000000000000003, 0.0073000000000000001, 0.0067999999999999996, 0.0083000000000000001, 0.0060999999999999995, 0.0054999999999999997, 0.0070999999999999995, 0.0080000000000000002, 0.0101, 0.0067999999999999996, 0.0086, 0.0080999999999999996, 0.0086, 0.0088999999999999999, 0.0047999999999999996, 0.0060999999999999995, 0.009300000000000001, 0.0060000000000000001, 0.0060999999999999995, 0.0063, 0.0061999999999999998, 0.0129, 0.0070000000000000001, 0.0096999999999999986, 0.0064000000000000003, 0.0088999999999999999, 0.0064000000000000003, 0.0076, 0.0094999999999999998, 0.0098000000000000014, 0.0073000000000000001, 0.0064000000000000003, 0.0059000000000000007, 0.0095999999999999992, 0.0057000000000000002],
  "Paras2": [
    [0.0, 1.0],
    [0.0, 2.0],
    [0.0, 3.0],
    [0.0, 4.0],
    [0.0, 5.0],
    [0.0, 6.0],
    [0.0, 7.0],
    [0.0, 8.0],
    [0.0, 9.0],
    [0.0, 10.0],
    [0.0, 11.0],
    [0.0, 12.0],
    [0.0, 13.0],
    [1.0, 2.0],
    [1.0, 3.0],
    [1.0, 4.0],
    [1.0, 5.0],
    [1.0, 6.0],
    [1.0, 7.0],
    [1.0, 8.0],
    [1.0, 9.0],
    [1.0, 10.0],
    [1.0, 11.0],
    [1.0, 12.0],
    [1.0, 13.0],
    [2.0, 3.0],
    [2.0, 4.0],
    [2.0, 5.0],
    [2.0, 6.0],
    [2.0, 7.0],
    [2.0, 8.0],
    [2.0, 9.0],
    [2.0, 10.0],
    [2.0, 11.0],
    [2.0, 12.0],
    [2.0, 13.0],
    [3.0, 4.0],
    [3.0, 5.0],
    [3.0, 6.0],
    [3.0, 7.0],
    [3.0, 8.0],
    [3.0, 9.0],
    [3.0, 10.0],
    [3.0, 11.0],
    [3.0, 12.0],
    [3.0, 13.0],
    [4.0, 5.0],
    [4.0, 6.0],
    [4.0, 7.0],
    [4.0, 8.0],
    [4.0, 9.0],
    [4.0, 10.0],
    [4.0, 11.0],
    [4.0, 12.0],
    [4.0, 13.0],
    [5.0, 6.0],
    [5.0, 7.0],
    [5.0, 8.0],
    [5.0, 9.0],
    [5.0, 10.0],
    [5.0, 11.0],
    [5.0, 12.0],
    [5.0, 13.0],
    [6.0, 7.0],
    [6.0, 8.0],
    [6.0, 9.0],
    [6.0, 10.0],
    [6.0, 11.0],
    [6.0, 12.0],
    [6.0, 13.0],
    [7.0, 8.0],
    [7.0, 9.0],
    [7.0, 10.0],
    [7.0, 11.0],
    [7.0, 12.0],
    [7.0, 13.0],
    [8.0, 9.0],
    [8.0, 10.0],
    [8.0, 11.0],
    [8.0, 12.0],
    [8.0, 13.0],
    [9.0, 10.0],
    [9.0, 11.0],
    [9.0, 12.0],
    [9.0, 13.0],
    [10.0, 11.0],
    [10.0, 12.0],
    [10.0, 13.0],
    [11.0, 12.0],
    [11.0, 13.0],
    [12.0, 13.0]
  ]
}